name,followers,popularity,genres,image_url,external_url
The Black Keys,3310844.0,75.0,"['alternative rock', 'blues rock', 'garage rock', 'modern alternative rock', 'modern blues rock', 'modern rock', 'punk blues', 'rock']",https://i.scdn.co/image/11e05be425a0a64fa65db3deb6f4e2d12f8c04d4,https://open.spotify.com/artist/7mnBLXK823vNxN3UWB7Gfz
Arctic Monkeys,9809259.0,86.0,"['garage rock', 'modern rock', 'permanent wave', 'rock', 'sheffield indie']",https://i.scdn.co/image/b435e99aa7f1e27db56b6a4dc9df85e5636b22d6,https://open.spotify.com/artist/7Ln80lUS6He07XvHI8qqHH
Red Hot Chili Peppers,14474420.0,86.0,"['alternative rock', 'funk metal', 'funk rock', 'permanent wave', 'rock']",https://i.scdn.co/image/7251ac7f3c0262cfcfad32e214deda639a2b4b46,https://open.spotify.com/artist/0L8ExT028jH3ddEcZwqJJ5
Muse,6035294.0,80.0,"['modern rock', 'permanent wave', 'rock']",https://i.scdn.co/image/17f00ec7613d733f2dd88de8f2c1628ea5f9adde,https://open.spotify.com/artist/12Chz98pHFMPJEknJQMWvI
Alkistis Protopsalti,33056.0,43.0,"['entehno', 'greek indie', 'greek pop', 'laiko']",https://i.scdn.co/image/79952a92f960d702e3514bf0c1c6e706c556d71a,https://open.spotify.com/artist/514w90CKIw9w84Zh3NSNyA
Buena Vista Social Club,811821.0,67.0,"['latin jazz', 'musica tradicional cubana', 'world']",https://i.scdn.co/image/9542d171203522de67c83f0deaf855519b3c4438,https://open.spotify.com/artist/11kBu957KTYoAltZHDm8gW
Placebo,1305283.0,70.0,"['alternative rock', 'britpop', 'modern rock', 'permanent wave', 'rock']",https://i.scdn.co/image/3b0a2fa5a39b6b08dc9aac023364e5ddd5064392,https://open.spotify.com/artist/6RZUqkomCmb8zCRqc9eznB
Vasilis Papakonstadinou,34898.0,44.0,"['classic greek rock', 'entehno', 'laiko']",https://i.scdn.co/image/ab67616d00001e025c43a81f899b73aeaa51a83d,https://open.spotify.com/artist/6QO0eQd1MX0UrX582zWYcN
Tripes,22951.0,38.0,"['classic greek rock', 'greek indie']",https://i.scdn.co/image/ab67616d00001e020e62fe643d0e7ce9206e860f,https://open.spotify.com/artist/0j26rQ1q8emYPBLonXtEJ9
Kasabian,1425311.0,68.0,"['alternative rock', 'britpop', 'garage rock', 'indie rock', 'leicester indie', 'modern rock', 'rock']",https://i.scdn.co/image/0819d4451bf042bc0949e3a04216c7ddf11047b2,https://open.spotify.com/artist/11wRdbnoYqRddKBrpHt4Ue
Foo Fighters,8020257.0,81.0,"['alternative metal', 'alternative rock', 'modern rock', 'permanent wave', 'post-grunge', 'rock']",https://i.scdn.co/image/c508060cb93f3d2f43ad0dc38602eebcbe39d16d,https://open.spotify.com/artist/7jy3rLJdDQY21OgRLCZ9sD
James,354077.0,63.0,"['britpop', 'dance rock', 'madchester', 'new wave', 'new wave pop', 'permanent wave', 'pop rock', 'rock']",https://i.scdn.co/image/592883783934df7e17399385037d8b95465bec45,https://open.spotify.com/artist/0qLNsNKm8bQcMoRFkR8Hmh
Radiohead,5541724.0,81.0,"['alternative rock', 'art rock', 'melancholia', 'oxford indie', 'permanent wave', 'rock']",https://i.scdn.co/image/563754af10b3d9f9f62a3458e699f58c4a02870f,https://open.spotify.com/artist/4Z8W4fKeB5YxbusRsdQVPb
Coldplay,27405498.0,89.0,"['permanent wave', 'pop']",https://i.scdn.co/image/6397b6a29c8d9081412e09feb53600f8c9a18313,https://open.spotify.com/artist/4gzpq5DPGxSnKTe4SA8HAU
Xilina Spathia,21143.0,38.0,"['classic greek rock', 'greek indie']",https://i.scdn.co/image/ab67616d00001e02785a6af2da9b8d96ac4dde0e,https://open.spotify.com/artist/2zsxq4xTSDddUsmf1GT6Wt
U2,7373987.0,82.0,"['irish rock', 'permanent wave', 'rock']",https://i.scdn.co/image/40d6c5c14355cfc127b70da221233315497ec91d,https://open.spotify.com/artist/51Blml2LZPmy7TTiAg47vQ
Mple,5699.0,33.0,"['classic greek rock', 'greek indie', 'greek rock']",https://i.scdn.co/image/fad77f386374b323297c75e0889910ecac00bffb,https://open.spotify.com/artist/36xaCgECAQrxEITkq66NWK
Sokratis Malamas,38113.0,47.0,"['classic greek pop', 'entehno', 'greek pop', 'laiko']",https://i.scdn.co/image/ab67616d00001e02cdd05f7cda6a2c46002c1077,https://open.spotify.com/artist/0NFb7EzMeIc7fZMsdDjlrf
R.E.M.,2657608.0,77.0,"['alternative rock', 'classic rock', 'permanent wave', 'pop rock', 'rock']",https://i.scdn.co/image/6e34c969a4261f44186432a0a7a17980d4387777,https://open.spotify.com/artist/4KWTAlx2RvbpseOGMEmROg
Imagine Dragons,30286396.0,89.0,"['modern rock', 'pop', 'rock']",https://i.scdn.co/image/ff8d83627cb2a80d4c1fa36fd80a193ca34b7a50,https://open.spotify.com/artist/53XhwfbYqKCa1cC15pYq2q
The Prodigy,1786927.0,70.0,"['big beat', 'breakbeat', 'hardcore techno', 'rave']",https://i.scdn.co/image/e163b18fca2d8f4dcb2086bcea8877543b92fe47,https://open.spotify.com/artist/4k1ELeJKT1ISyDv8JivPpB
Panagiotis Margaris,269.0,23.0,['greek guitar'],https://i.scdn.co/image/ab67616d00001e020f08d23fc8a885184fc801fe,https://open.spotify.com/artist/2UUloMjgTaoxRyWKK9mK0f
Deep Purple,3454102.0,72.0,"['album rock', 'blues rock', 'classic rock', 'hard rock', 'metal', 'rock']",https://i.scdn.co/image/ca83593d28fb361d10519fbb60f62d923f3381be,https://open.spotify.com/artist/568ZhdwyaiCyOGJRtNYhWf
Queens of the Stone Age,2422018.0,74.0,"['alternative metal', 'alternative rock', 'blues rock', 'modern rock', 'nu metal', 'palm desert scene', 'rock', 'stoner metal', 'stoner rock']",https://i.scdn.co/image/bb87dad4464becc47d17eeeb1ccc0dd1d0bf22d9,https://open.spotify.com/artist/4pejUc4iciQfgdX6OKulQn
Bon Jovi,8361991.0,82.0,"['glam metal', 'rock']",https://i.scdn.co/image/0f8139bf1b88a2c9ee861c28f957025c2570995a,https://open.spotify.com/artist/58lV9VcRSjABbAbfWS6skp
Pink Floyd,13060292.0,84.0,"['album rock', 'art rock', 'classic rock', 'progressive rock', 'psychedelic rock', 'rock', 'symphonic rock']",https://i.scdn.co/image/d011c95081cd9a329e506abd7ded47535d524a07,https://open.spotify.com/artist/0k17h0D3J5VfsdmQ1iZtE9
Oasis,5575563.0,81.0,"['beatlesque', 'britpop', 'madchester', 'modern rock', 'permanent wave', 'rock']",https://i.scdn.co/image/830db3583b2f2f73017999432d0b7c359cfe6791,https://open.spotify.com/artist/2DaxqgrOhkeH0fpeiQq2f4
Firewind,62885.0,46.0,"['greek metal', 'melodic metal', 'metal', 'neo classical metal', 'neo-trad metal', 'power metal', 'progressive metal', 'symphonic power metal']",https://i.scdn.co/image/4e502af6963c0f3423efd14b4d9a82010e8806a8,https://open.spotify.com/artist/70I9vE7YTwKmelfEplXc5r
Queen,29329477.0,90.0,"['classic rock', 'glam rock', 'rock']",https://i.scdn.co/image/af2b8e57f6d7b5d43a616bd1e27ba552cd8bfd42,https://open.spotify.com/artist/1dfeR4HaWDbWqFHLkxsg1d
Ypogia Revmata,9488.0,32.0,"['classic greek rock', 'greek indie']",https://i.scdn.co/image/ab67616d00001e026a4e7085daa6c950ae21e69a,https://open.spotify.com/artist/4xbr3XX253Pyc7UiPCWEGh
Pix Lax,35445.0,46.0,"['classic greek rock', 'greek indie', 'greek pop', 'laiko']",https://i.scdn.co/image/ab67616d00001e027e2b4a1476d692a4face5994,https://open.spotify.com/artist/0UHy12S8f94Sa0jc4dd6Jz
Pavlos Sidiropoulos,19008.0,36.0,['classic greek rock'],https://i.scdn.co/image/ab67616d00001e023694d6787a3528df7987faa4,https://open.spotify.com/artist/5Z4mEhHsWHyS10omStJ81u
Creedence Clearwater Revival,3780168.0,81.0,"['album rock', 'classic rock', 'country rock', 'rock', 'roots rock', 'southern rock', 'swamp rock']",https://i.scdn.co/image/749a67d2dd3ab8413d4119c63dd69afa6c43bb47,https://open.spotify.com/artist/3IYUhFvPQItj6xySrBmZkd
Linkin Park,16924623.0,88.0,"['alternative metal', 'nu metal', 'post-grunge', 'rap metal']",https://i.scdn.co/image/f759994946aa42851e5293083f472c96c1753105,https://open.spotify.com/artist/6XyY86QOPPrYVGvF9ch6wz
Dead Man's Bones,94692.0,47.0,[],https://i.scdn.co/image/ab67616d00001e02f2362e7be67a9c9e3e196e7b,https://open.spotify.com/artist/66uU7VPJQ8eC06LAZyqYYk
The Killers,5601242.0,82.0,"['modern rock', 'permanent wave', 'rock']",https://i.scdn.co/image/ed9a0918a792c5af1ca3461f40670016a0c8f854,https://open.spotify.com/artist/0C0XlULifJtAgn6ZNCW2eu
Chris Cornell,1354631.0,67.0,"['alternative metal', 'alternative rock', 'rock']",https://i.scdn.co/image/01febd15ceb41784674011a449e41e3725e0455f,https://open.spotify.com/artist/0XHiH53dHrvbwfjYM7en7I
Kings of Leon,4428011.0,78.0,"['modern rock', 'rock']",https://i.scdn.co/image/dacc58a8a880bd5f0b0e577213b969d53dd702c2,https://open.spotify.com/artist/2qk9voo8llSGYcZ6xrBzKx
Lavrentis Machairitsas,29692.0,46.0,"['classic greek rock', 'entehno', 'greek indie', 'greek pop', 'laiko']",https://i.scdn.co/image/5df8fe9aca7684a44a5d1adbdd5d228a0b5350e4,https://open.spotify.com/artist/5z7uDSNrMNmtg7eikmaaau
Stamatis Kraounakis,10130.0,33.0,"['greek indie', 'laiko', 'rebetiko']",https://i.scdn.co/image/0b149561de4042b83044e255b98fddf31459834c,https://open.spotify.com/artist/4i1Ok9sZW1HyK0hQJJRKaK
Haris Alexiou,59581.0,52.0,"['entehno', 'laiko']",https://i.scdn.co/image/920dda359f0f6457a5a3df4e2f1c6afabf5e4003,https://open.spotify.com/artist/4cgCxnsmy9kDcl3oA2BYRY
Evanescence,2807109.0,75.0,['alternative metal'],https://i.scdn.co/image/f0493213ea76e7a4c9c8bb54a423c5840e4cbb24,https://open.spotify.com/artist/5nGIFgo0shDenQYSE0Sn7c
Dio,1466096.0,65.0,"['album rock', 'classic rock', 'glam metal', 'hard rock', 'metal', 'power metal', 'rock']",https://i.scdn.co/image/3475ffbaf21e90e7072a2070cfdba13689f0d817,https://open.spotify.com/artist/4CYeVo5iZbtYGBN4Isc3n6
Ozzy Osbourne,3155841.0,77.0,"['album rock', 'birmingham metal', 'hard rock', 'metal', 'rock']",https://i.scdn.co/image/dfb56f7bf34bcac338e8b8e4925c743fc2871b2e,https://open.spotify.com/artist/6ZLTlhejhndI4Rh53vYhrY
Metallica,15441643.0,85.0,"['hard rock', 'metal', 'old school thrash', 'rock', 'thrash metal']",https://i.scdn.co/image/0c22030833eb55c14013bb36eb6a429328868c29,https://open.spotify.com/artist/2ye2Wgw4gimLv2eAKyk1NB
The Offspring,3786695.0,78.0,"['alternative metal', 'permanent wave', 'pop punk', 'punk', 'rock', 'skate punk', 'socal pop punk']",https://i.scdn.co/image/c587d950d9a46b4d0a160ad130bda6a1e5df1a0c,https://open.spotify.com/artist/5LfGQac0EIXyAN8aUwmNAQ
Panos Mouzourakis,31442.0,46.0,"['entehno', 'greek pop', 'greek swing']",https://i.scdn.co/image/8c232069b7f74e8f30f9df373577b93dabf81622,https://open.spotify.com/artist/7byYRTzcmi0J2EnoVgvNyt
Pulp,573148.0,65.0,"['alternative rock', 'art rock', 'britpop', 'dance rock', 'modern rock', 'new wave', 'permanent wave', 'pop rock', 'rock', 'sheffield indie']",https://i.scdn.co/image/ec898afde4a75ca38803ac0233d804db067ff2b2,https://open.spotify.com/artist/36E7oYfz3LLRto6l2WmDcD
System Of A Down,6546274.0,81.0,"['alternative metal', 'nu metal', 'rap metal']",https://i.scdn.co/image/0d1fb6a6565ca9a364712db10b848152063007c2,https://open.spotify.com/artist/5eAWCfyUhZtHHtBdNk56l1
AC/DC,16467576.0,86.0,"['album rock', 'australian rock', 'hard rock', 'rock']",https://i.scdn.co/image/64d25927322389160df14e1966849040954b29bb,https://open.spotify.com/artist/711MCceyCBcFnzjGY4Q7Un
